{"Name":"Mission 1","Waypoints":[{"X":-89.99999999999994,"Y":-243.29000000000008,"Altitude":20,"Heading":0},{"X":107.23027557568902,"Y":-171.7649773499434,"Altitude":19,"Heading":30}]}